[
  {
    "model": "Dacia Logan",
    "type": "berline",
    "price": 140000,
    "year": 2022,
    "km": 65000,
    "fuel": "diesel",
    "gearbox": "automatique",
    "city": "Casablanca",
    "whatsapp": "212600000001",
    "image": "https://getrentacar.com/storage/cache/images/960-640-100-fit-218243.jpeg",
    "brand": "Dacia",
    "title": "Dacia Logan"
  },
  {
    "model": "Dacia Sandero",
    "type": "citadine",
    "price": 125000,
    "year": 2021,
    "km": 72000,
    "fuel": "essence",
    "gearbox": "manuelle",
    "city": "Rabat",
    "whatsapp": "212600000002",
    "image": "https://www.wandaloo.com/files/2021/11/Dacia-Sandero-Stepway-2021-Front.jpg",
    "brand": "Dacia",
    "title": "Dacia Sandero"
  },
  {
    "model": "Renault Clio 4",
    "type": "citadine",
    "price": 135000,
    "year": 2020,
    "km": 80000,
    "fuel": "diesel",
    "gearbox": "manuelle",
    "city": "Fes",
    "whatsapp": "212600000003",
    "image": "https://www.turbo.fr/sites/default/files/2019-02/renault-clio-4-fiche-technique.png",
    "brand": "Renault",
    "title": "Renault Clio 4"
  },
  {
    "model": "Peugeot 208",
    "type": "citadine",
    "price": 145000,
    "year": 2021,
    "km": 60000,
    "fuel": "essence",
    "gearbox": "automatique",
    "city": "Tanger",
    "whatsapp": "212600000004",
    "image": "https://www.turbo.fr/sites/default/files/2021-04/Peugeot%20208%20GT%20Line.jpeg",
    "brand": "Peugeot",
    "title": "Peugeot 208"
  },
  {
    "model": "Volkswagen Polo",
    "type": "citadine",
    "price": 160000,
    "year": 2019,
    "km": 90000,
    "fuel": "diesel",
    "gearbox": "automatique",
    "city": "Casablanca",
    "whatsapp": "212600000005",
    "image": "https://img-uk2.cd5.uk/originals/1249/stockimages/761198/0e85e828f96e28a9ffe1dc4bee8251c8_761198.jpg",
    "brand": "Volkswagen",
    "title": "Volkswagen Polo"
  },
  {
    "model": "Toyota Yaris",
    "type": "citadine",
    "price": 155000,
    "year": 2020,
    "km": 70000,
    "fuel": "hybride",
    "gearbox": "automatique",
    "city": "Marrakech",
    "whatsapp": "212600000006",
    "image": "https://www.wandaloo.com/files/2019/10/TOYOTA-Yaris-2020-Neuve-Maroc-11.jpg",
    "brand": "Toyota",
    "title": "Toyota Yaris"
  },
  {
    "model": "Hyundai i20",
    "type": "citadine",
    "price": 130000,
    "year": 2019,
    "km": 85000,
    "fuel": "essence",
    "gearbox": "manuelle",
    "city": "Agadir",
    "whatsapp": "212600000007",
    "image": "https://www.wandaloo.com/files/2018/05/Hyundai-i20-2019-Neuve-Maroc-04.jpg",
    "brand": "Hyundai",
    "title": "Hyundai i20"
  },
  {
    "model": "Kia Rio",
    "type": "citadine",
    "price": 128000,
    "year": 2018,
    "km": 95000,
    "fuel": "diesel",
    "gearbox": "manuelle",
    "city": "Oujda",
    "whatsapp": "212600000008",
    "image": "https://cdn.motor1.com/images/mgl/7ZZ4N/s1/kia-rio.jpg",
    "brand": "Kia",
    "title": "Kia Rio"
  },
  {
    "model": "Opel Corsa",
    "type": "citadine",
    "price": 120000,
    "year": 2017,
    "km": 105000,
    "fuel": "essence",
    "gearbox": "manuelle",
    "city": "Kenitra",
    "whatsapp": "212600000009",
    "image": "https://cdn.wheel-size.com/automobile/body/opel-corsa-2014-2019-1750416345.1965847.jpg",
    "brand": "Opel",
    "title": "Opel Corsa"
  },
  {
    "model": "Ford Fiesta",
    "type": "citadine",
    "price": 118000,
    "year": 2016,
    "km": 120000,
    "fuel": "diesel",
    "gearbox": "manuelle",
    "city": "Tetouan",
    "whatsapp": "212600000010",
    "image": "https://images.hgmsites.net/med/2016-ford-fiesta-5dr-hb-s-angular-front-exterior-view_100514977_m.jpg",
    "brand": "Ford",
    "title": "Ford Fiesta"
  },
  {
    "model": "Suzuki Swift",
    "type": "citadine",
    "price": 122000,
    "year": 2018,
    "km": 98000,
    "fuel": "essence",
    "gearbox": "automatique",
    "city": "Safi",
    "whatsapp": "212600000011",
    "image": "https://getrentacar.com/storage/cache/images/960-640-100-fit-77594.jpeg",
    "brand": "Suzuki",
    "title": "Suzuki Swift"
  },
  {
    "model": "Peugeot 301",
    "type": "berline",
    "price": 125000,
    "year": 2019,
    "km": 90000,
    "fuel": "diesel",
    "gearbox": "manuelle",
    "city": "Meknes",
    "whatsapp": "212600000012",
    "image": "https://www.wandaloo.com/files/2017/04/PEUGEOT-301-2017-neuve-Maroc.jpg",
    "brand": "Peugeot",
    "title": "Peugeot 301"
  },
  {
    "model": "Citroën C-Elysée",
    "type": "berline",
    "price": 120000,
    "year": 2018,
    "km": 110000,
    "fuel": "diesel",
    "gearbox": "manuelle",
    "city": "Fes",
    "whatsapp": "212600000013",
    "image": "https://images.caradisiac.com/logos-ref/modele/modele--citroen-c-elysee/S6-modele--citroen-c-elysee.jpg",
    "brand": "Citroën",
    "title": "Citroën C-Elysée"
  },
  {
    "model": "Volkswagen Jetta",
    "type": "berline",
    "price": 175000,
    "year": 2017,
    "km": 125000,
    "fuel": "diesel",
    "gearbox": "automatique",
    "city": "Casablanca",
    "whatsapp": "212600000014",
    "image": "https://www.vwmankato.com/blogs/1677/wp-content/uploads/2017/02/2017_jetta_5184.jpg",
    "brand": "Volkswagen",
    "title": "Volkswagen Jetta"
  },
  {
    "model": "Skoda Octavia",
    "type": "berline",
    "price": 190000,
    "year": 2018,
    "km": 110000,
    "fuel": "diesel",
    "gearbox": "automatique",
    "city": "Rabat",
    "whatsapp": "212600000015",
    "image": "https://carinvest-europe.com/image/cache/catalog/skoda/9/skoda-octavia-2018-synyi-dyzel-2280251-800x450.jpg",
    "brand": "Skoda",
    "title": "Skoda Octavia"
  },
  {
    "model": "Renault Megane 4",
    "type": "berline",
    "price": 185000,
    "year": 2019,
    "km": 95000,
    "fuel": "diesel",
    "gearbox": "automatique",
    "city": "Tanger",
    "whatsapp": "212600000016",
    "image": "https://images.caradisiac.com/logos-ref/modele/modele--renault-megane-4/S6-modele--renault-megane-4.jpg",
    "brand": "Renault",
    "title": "Renault Megane 4"
  },
  {
    "model": "Honda Civic",
    "type": "berline",
    "price": 165000,
    "year": 2016,
    "km": 140000,
    "fuel": "essence",
    "gearbox": "automatique",
    "city": "Agadir",
    "whatsapp": "212600000017",
    "image": "https://photos.prnewswire.com/prnfull/20151106/284874",
    "brand": "Honda",
    "title": "Honda Civic"
  },
  {
    "model": "Hyundai Elantra",
    "type": "berline",
    "price": 150000,
    "year": 2018,
    "km": 115000,
    "fuel": "essence",
    "gearbox": "automatique",
    "city": "Marrakech",
    "whatsapp": "212600000018",
    "image": "https://cdn-ds.com/blogs-media/sites/372/2017/10/11040852/2018_Hyundai_Elantra_A624_o.jpg",
    "brand": "Hyundai",
    "title": "Hyundai Elantra"
  },
  {
    "model": "Mazda 3",
    "type": "berline",
    "price": 155000,
    "year": 2017,
    "km": 130000,
    "fuel": "essence",
    "gearbox": "manuelle",
    "city": "Rabat",
    "whatsapp": "212600000019",
    "image": "https://media.drive.com.au/obj/tx_q:50,rs:auto:1920:1080:1/driveau/upload/cms/uploads/27KKpHmRgtfz9swUCCUw",
    "brand": "Mazda",
    "title": "Mazda 3"
  },
  {
    "model": "Toyota Corolla",
    "type": "berline",
    "price": 175000,
    "year": 2019,
    "km": 88000,
    "fuel": "essence",
    "gearbox": "automatique",
    "city": "Casablanca",
    "whatsapp": "212600000020",
    "image": "https://i.gaw.to/content/photos/36/63/366307_2019_Toyota_Corolla.jpg",
    "brand": "Toyota",
    "title": "Toyota Corolla"
  },
  {
    "model": "Dacia Duster",
    "type": "SUV",
    "price": 165000,
    "year": 2020,
    "km": 75000,
    "fuel": "diesel",
    "gearbox": "manuelle",
    "city": "Tanger",
    "whatsapp": "212600000021",
    "image": "https://www.wandaloo.com/files/Voiture-Neuve/dacia/Dacia-Duster-2018-neuve-Maroc-08.jpg",
    "brand": "Dacia",
    "title": "Dacia Duster"
  },
  {
    "model": "Renault Captur",
    "type": "SUV",
    "price": 170000,
    "year": 2021,
    "km": 68000,
    "fuel": "essence",
    "gearbox": "automatique",
    "city": "Fes",
    "whatsapp": "212600000022",
    "image": "https://www.wandaloo.com/files/2019/07/RENAULT-Captur-2020-Neuve-Maroc-09.jpg",
    "brand": "Renault",
    "title": "Renault Captur"
  },
  {
    "model": "Peugeot 2008",
    "type": "SUV",
    "price": 175000,
    "year": 2020,
    "km": 82000,
    "fuel": "diesel",
    "gearbox": "automatique",
    "city": "Rabat",
    "whatsapp": "212600000023",
    "image": "https://www.wandaloo.com/files/2019/06/PEUGEOT-2008-2020-Neuve-Maroc-02.jpg",
    "brand": "Peugeot",
    "title": "Peugeot 2008"
  },
  {
    "model": "Peugeot 3008",
    "type": "SUV",
    "price": 220000,
    "year": 2019,
    "km": 95000,
    "fuel": "diesel",
    "gearbox": "automatique",
    "city": "Casablanca",
    "whatsapp": "212600000024",
    "image": "https://www.turbo.fr/sites/default/files/styles/header_image/public/2019-02/logo_690x405_turbo3008.png?itok=rIauZlIP",
    "brand": "Peugeot",
    "title": "Peugeot 3008"
  },
  {
    "model": "Volkswagen T-Roc",
    "type": "SUV",
    "price": 235000,
    "year": 2020,
    "km": 85000,
    "fuel": "diesel",
    "gearbox": "automatique",
    "city": "Tanger",
    "whatsapp": "212600000025",
    "image": "https://images.caradisiac.com/logos/6/4/1/5/256415/S7-volkswagen-t-roc-un-diesel-puissant-arrive-178684.jpg",
    "brand": "Volkswagen",
    "title": "Volkswagen T-Roc"
  },
  {
    "model": "Volkswagen Tiguan",
    "type": "SUV",
    "price": 240000,
    "year": 2018,
    "km": 120000,
    "fuel": "diesel",
    "gearbox": "automatique",
    "city": "Rabat",
    "whatsapp": "212600000026",
    "image": "https://carimp.ma/wp-content/uploads/2024/08/454311137_3698593357060179_7126285421250673170_n.jpg",
    "brand": "Volkswagen",
    "title": "Volkswagen Tiguan"
  },
  {
    "model": "Toyota RAV4",
    "type": "SUV",
    "price": 260000,
    "year": 2020,
    "km": 85000,
    "fuel": "hybride",
    "gearbox": "automatique",
    "city": "Marrakech",
    "whatsapp": "212600000027",
    "image": "https://www.cnet.com/a/img/resize/270a924c3405352038de6af652cda32d1a881ef4/hub/2019/01/18/3d48f6c4-ea31-4c50-85ed-3bb2bf1179ec/2019-toyota-rav4-hybrid-limited-54.jpg?auto=webp&fit=crop&height=675&width=1200",
    "brand": "Toyota",
    "title": "Toyota RAV4"
  },
  {
    "model": "Nissan Qashqai",
    "type": "SUV",
    "price": 185000,
    "year": 2019,
    "km": 98000,
    "fuel": "diesel",
    "gearbox": "manuelle",
    "city": "Agadir",
    "whatsapp": "212600000028",
    "image": "https://blog.tailleurauto.com/wp-content/uploads/2019/05/qashqai-2019-3.jpg",
    "brand": "Nissan",
    "title": "Nissan Qashqai"
  },
  {
    "model": "Hyundai Tucson",
    "type": "SUV",
    "price": 230000,
    "year": 2021,
    "km": 65000,
    "fuel": "diesel",
    "gearbox": "automatique",
    "city": "Casablanca",
    "whatsapp": "212600000029",
    "image": "https://www.wandaloo.com/files/2020/09/HYUNDAI-TUCSON-REVEAL-NOUVELLE-GENERATION-SUV-COMPACT.jpg",
    "brand": "Hyundai",
    "title": "Hyundai Tucson"
  },
  {
    "model": "Kia Sportage",
    "type": "SUV",
    "price": 225000,
    "year": 2020,
    "km": 78000,
    "fuel": "essence",
    "gearbox": "automatique",
    "city": "Rabat",
    "whatsapp": "212600000030",
    "image": "https://www.crainkiaftsmith.com/blogs/3228/wp-content/uploads/2020/12/2020_Sportage.png",
    "brand": "Kia",
    "title": "Kia Sportage"
  },
  {
    "model": "Toyota Hilux",
    "type": "pickup",
    "price": 280000,
    "year": 2018,
    "km": 140000,
    "fuel": "diesel",
    "gearbox": "manuelle",
    "city": "Laayoune",
    "whatsapp": "212600000031",
    "image": "https://upload.wikimedia.org/wikipedia/commons/thumb/1/1f/2018_Toyota_HiLux_%28GUN126R_MY19%29_SR5_4x4_Double_Cab_%282018-10-19%29_01.jpg/1280px-2018_Toyota_HiLux_%28GUN126R_MY19%29_SR5_4x4_Double_Cab_%282018-10-19%29_01.jpg",
    "brand": "Toyota",
    "title": "Toyota Hilux"
  },
  {
    "model": "Ford Ranger",
    "type": "pickup",
    "price": 295000,
    "year": 2019,
    "km": 130000,
    "fuel": "diesel",
    "gearbox": "automatique",
    "city": "Dakhla",
    "whatsapp": "212600000032",
    "image": "https://unsealed4x4.com.au/wp-content/uploads/2022/03/OPENER-IMAGE.jpg",
    "brand": "Ford",
    "title": "Ford Ranger"
  },
  {
    "model": "Mitsubishi L200",
    "type": "pickup",
    "price": 260000,
    "year": 2017,
    "km": 160000,
    "fuel": "diesel",
    "gearbox": "manuelle",
    "city": "Ouarzazate",
    "whatsapp": "212600000033",
    "image": "https://media.autoexpress.co.uk/image/private/s--_stCLcSo--/f_auto,t_content-image-mobile@1/v1563184158/autoexpress/2017/06/dsc_9738.jpg",
    "brand": "Mitsubishi",
    "title": "Mitsubishi L200"
  },
  {
    "model": "Nissan Navara",
    "type": "pickup",
    "price": 270000,
    "year": 2018,
    "km": 150000,
    "fuel": "diesel",
    "gearbox": "automatique",
    "city": "Agadir",
    "whatsapp": "212600000034",
    "image": "https://editorial.pxcrush.net/carsales/general/editorial/nissan-navara-perth-sept-2018-00017.jpg?width=1024&height=682",
    "brand": "Nissan",
    "title": "Nissan Navara"
  },
  {
    "model": "Toyota Land Cruiser Prado",
    "type": "4x4",
    "price": 520000,
    "year": 2016,
    "km": 170000,
    "fuel": "diesel",
    "gearbox": "automatique",
    "city": "Casablanca",
    "whatsapp": "212600000035",
    "image": "https://media.drive.com.au/obj/tx_q:50,rs:auto:1920:1080:1/caradvice/private/d9d1a61689e02f63e8ea134665fe12b5",
    "brand": "Toyota",
    "title": "Toyota Land Cruiser Prado"
  },
  {
    "model": "Renault Zoe",
    "type": "electrique",
    "price": 150000,
    "year": 2019,
    "km": 70000,
    "fuel": "electrique",
    "gearbox": "automatique",
    "city": "Casablanca",
    "whatsapp": "212600000036",
    "image": "https://images.caradisiac.com/logos/6/2/7/4/256274/S8-essai-video-renault-zoe-ze50-2019-pour-rester-dans-la-course-178532.jpg",
    "brand": "Renault",
    "title": "Renault Zoe"
  },
  {
    "model": "Nissan Leaf",
    "type": "electrique",
    "price": 155000,
    "year": 2018,
    "km": 90000,
    "fuel": "electrique",
    "gearbox": "automatique",
    "city": "Rabat",
    "whatsapp": "212600000037",
    "image": "https://upload.wikimedia.org/wikipedia/commons/thumb/5/5b/2018_Nissan_Leaf_Tekna_Front.jpg/1280px-2018_Nissan_Leaf_Tekna_Front.jpg",
    "brand": "Nissan",
    "title": "Nissan Leaf"
  },
  {
    "model": "Tesla Model 3",
    "type": "electrique",
    "price": 320000,
    "year": 2021,
    "km": 40000,
    "fuel": "electrique",
    "gearbox": "automatique",
    "city": "Casablanca",
    "whatsapp": "212600000038",
    "image": "https://imageio.forbes.com/specials-images/imageserve/5fca67d3d350d8fde511e719/0x0.jpg?format=jpg&height=900&width=1600&fit=bounds",
    "brand": "Tesla",
    "title": "Tesla Model 3"
  },
  {
    "model": "Hyundai Ioniq Electric",
    "type": "electrique",
    "price": 210000,
    "year": 2019,
    "km": 80000,
    "fuel": "electrique",
    "gearbox": "automatique",
    "city": "Tanger",
    "whatsapp": "212600000039",
    "image": "https://www.hyundaimagog.com/static/96d64a993a67a43c042a0cec0a4f5052/30afa/images%252Fhyundai-magog-hyundai-ioniq-electrique-essai-routier-2-1.jpg",
    "brand": "Hyundai",
    "title": "Hyundai Ioniq Electric"
  },
  {
    "model": "Toyota Prius",
    "type": "hybride",
    "price": 180000,
    "year": 2017,
    "km": 140000,
    "fuel": "hybride",
    "gearbox": "automatique",
    "city": "Fes",
    "whatsapp": "212600000040",
    "image": "https://cimg1.ibsrv.net/ibimg/hgm/1920x1080-1/100/568/2017-toyota-prius-prime-test-drive-ojai-california-sep-2016_100568169.jpg",
    "brand": "Toyota",
    "title": "Toyota Prius"
  },
  {
    "model": "Hyundai Ioniq Hybrid",
    "type": "hybride",
    "price": 175000,
    "year": 2019,
    "km": 85000,
    "fuel": "hybride",
    "gearbox": "automatique",
    "city": "Meknes",
    "whatsapp": "212600000041",
    "image": "https://rpmweb.ca/medias/Hyundai-IONIQ-Hybrid-2022-1.jpg",
    "brand": "Hyundai",
    "title": "Hyundai Ioniq Hybrid"
  },
  {
    "model": "Kia Niro Hybrid",
    "type": "hybride",
    "price": 205000,
    "year": 2020,
    "km": 78000,
    "fuel": "hybride",
    "gearbox": "automatique",
    "city": "Rabat",
    "whatsapp": "212600000042",
    "image": "https://hips.hearstapps.com/hmg-prod/images/2020-kia-niro-ex-premium-278-1606858705.jpg?crop=0.673xw:0.568xh;0.327xw,0.398xh&resize=2048:*",
    "brand": "Kia",
    "title": "Kia Niro Hybrid"
  },
  {
    "model": "Toyota Corolla Hybrid",
    "type": "hybride",
    "price": 215000,
    "year": 2021,
    "km": 65000,
    "fuel": "hybride",
    "gearbox": "automatique",
    "city": "Casablanca",
    "whatsapp": "212600000043",
    "image": "https://upload.wikimedia.org/wikipedia/commons/thumb/f/f6/Toyota_Corolla_Limousine_Hybrid_Genf_2019_1Y7A5576.jpg/1280px-Toyota_Corolla_Limousine_Hybrid_Genf_2019_1Y7A5576.jpg",
    "brand": "Toyota",
    "title": "Toyota Corolla Hybrid"
  },
  {
    "model": "Dacia Dokker",
    "type": "utilitaire",
    "price": 125000,
    "year": 2018,
    "km": 130000,
    "fuel": "diesel",
    "gearbox": "manuelle",
    "city": "Casablanca",
    "whatsapp": "212600000044",
    "image": "https://upload.wikimedia.org/wikipedia/commons/thumb/2/2a/2012_Dacia_Dokker.JPG/1280px-2012_Dacia_Dokker.JPG",
    "brand": "Dacia",
    "title": "Dacia Dokker"
  },
  {
    "model": "Renault Kangoo",
    "type": "utilitaire",
    "price": 135000,
    "year": 2019,
    "km": 120000,
    "fuel": "diesel",
    "gearbox": "manuelle",
    "city": "Rabat",
    "whatsapp": "212600000045",
    "image": "https://images.caradisiac.com/logos-ref/modele/modele--renault-kangoo-2/S6-modele--renault-kangoo-2.jpg",
    "brand": "Renault",
    "title": "Renault Kangoo"
  },
  {
    "model": "Peugeot Partner",
    "type": "utilitaire",
    "price": 145000,
    "year": 2020,
    "km": 105000,
    "fuel": "diesel",
    "gearbox": "manuelle",
    "city": "Marrakech",
    "whatsapp": "212600000046",
    "image": "https://media.drive.com.au/obj/tx_q:50,rs:auto:1920:1080:1/caradvice/private/b2q77lv0vj4giloqzwsk",
    "brand": "Peugeot",
    "title": "Peugeot Partner"
  },
  {
    "model": "Citroën Berlingo",
    "type": "utilitaire",
    "price": 140000,
    "year": 2019,
    "km": 115000,
    "fuel": "diesel",
    "gearbox": "manuelle",
    "city": "Fes",
    "whatsapp": "212600000047",
    "image": "https://www.wandaloo.com/files/2018/12/Citroen-Berlingo-2019-Neuve-Maroc-11.jpg",
    "brand": "Citroën",
    "title": "Citroën Berlingo"
  },
  {
    "model": "Fiat Doblo",
    "type": "utilitaire",
    "price": 130000,
    "year": 2018,
    "km": 125000,
    "fuel": "diesel",
    "gearbox": "manuelle",
    "city": "Tanger",
    "whatsapp": "212600000048",
    "image": "https://images.caradisiac.com/logos-ref/gamme/gamme--fiat-doblo/S8-gamme--fiat-doblo.jpg",
    "brand": "Fiat",
    "title": "Fiat Doblo"
  },
  {
    "model": "BMW Série 1",
    "type": "compacte",
    "price": 220000,
    "year": 2016,
    "km": 135000,
    "fuel": "diesel",
    "gearbox": "automatique",
    "city": "Casablanca",
    "whatsapp": "212600000049",
    "image": "https://www.proxycar.com/wp-content/uploads/2021/06/BMW-serie-1-116d-2016-business-1.jpg",
    "brand": "BMW",
    "title": "BMW Série 1"
  },
  {
    "model": "Audi A3",
    "type": "compacte",
    "price": 240000,
    "year": 2017,
    "km": 125000,
    "fuel": "diesel",
    "gearbox": "automatique",
    "city": "Rabat",
    "whatsapp": "212600000050",
    "image": "https://cdn.motor1.com/images/mgl/7VeA1/s1/4x3/essai-audi-a3-sportback-restylee-2017.webp",
    "brand": "Audi",
    "title": "Audi A3"
  }
]